Iteration,Cross-Entropy
1,2.0913124084472656
2,6.530843734741211
3,2.18281888961792
4,3.7184441089630127
5,2.947209119796753
6,3.1434690952301025
7,2.91530704498291
8,2.4049437046051025
9,2.3492441177368164
10,2.141649007797241
11,2.134680986404419
12,2.10378098487854
13,2.031552314758301
14,2.0450055599212646
15,1.999967098236084
16,2.0476913452148438
17,2.1369552612304688
18,1.968461036682129
19,1.9939321279525757
20,1.9818120002746582
21,1.9536539316177368
22,1.9456253051757812
23,1.9632682800292969
24,2.007502317428589
25,2.0621440410614014
26,2.005781888961792
27,2.012816905975342
28,1.9798378944396973
29,1.9566047191619873
30,1.9251073598861694
31,1.9078691005706787
32,1.8829518556594849
33,1.8957390785217285
34,1.9144929647445679
35,1.9961588382720947
36,1.985202431678772
37,1.9301981925964355
38,1.9164469242095947
39,1.866645097732544
40,1.8181639909744263
41,1.8066784143447876
42,1.8070796728134155
43,1.8182934522628784
44,1.792994499206543
45,1.783595085144043
46,1.782443881034851
47,1.7728784084320068
48,1.796215295791626
49,1.8069475889205933
50,1.7851735353469849
51,1.7956684827804565
52,1.8511779308319092
53,1.8707095384597778
54,1.8375270366668701
55,1.7887307405471802
56,1.7670624256134033
57,1.7525248527526855
58,1.7598055601119995
59,1.7482788562774658
60,1.739582896232605
61,1.7430227994918823
62,1.7441331148147583
63,1.7509396076202393
64,1.7355374097824097
65,1.7128785848617554
66,1.6995762586593628
67,1.706770420074463
68,1.7106211185455322
69,1.7146621942520142
70,1.7181483507156372
71,1.699855089187622
72,1.6868829727172852
73,1.6851720809936523
74,1.701130747795105
75,1.730567216873169
76,1.7249952554702759
77,1.7548084259033203
78,1.7050731182098389
79,1.7187281847000122
80,1.6781177520751953
81,1.668117880821228
82,1.6885218620300293
83,1.688763976097107
84,1.6953508853912354
85,1.7068405151367188
86,1.7134673595428467
87,1.7072468996047974
88,1.680984377861023
89,1.6988872289657593
90,1.6948763132095337
91,1.7357978820800781
92,1.7389060258865356
93,1.677525281906128
94,1.6618751287460327
95,1.6462427377700806
96,1.6426825523376465
97,1.6348212957382202
98,1.6440163850784302
99,1.6474413871765137
100,1.6688159704208374
101,1.6359041929244995
102,1.6360666751861572
103,1.6371031999588013
104,1.6265184879302979
105,1.6196352243423462
106,1.6182416677474976
107,1.6211408376693726
108,1.624210000038147
109,1.6122335195541382
110,1.6111387014389038
111,1.6212602853775024
112,1.6234612464904785
113,1.6325966119766235
114,1.6474378108978271
115,1.643906593322754
116,1.6414214372634888
117,1.6417827606201172
118,1.6374077796936035
119,1.6631227731704712
120,1.613982081413269
121,1.6353156566619873
122,1.6177533864974976
123,1.5989183187484741
124,1.6156189441680908
125,1.6175119876861572
126,1.6054707765579224
127,1.616607666015625
128,1.6090545654296875
129,1.6002691984176636
130,1.610650897026062
131,1.611830472946167
132,1.6283754110336304
133,1.6085386276245117
134,1.628016710281372
135,1.6281508207321167
136,1.5904968976974487
137,1.6002942323684692
138,1.5979660749435425
139,1.590191125869751
140,1.5752350091934204
141,1.5672931671142578
142,1.5667212009429932
143,1.578856348991394
144,1.5806161165237427
145,1.5981271266937256
146,1.592528223991394
147,1.5593323707580566
148,1.5642857551574707
149,1.5610450506210327
150,1.5735483169555664
151,1.5718647241592407
152,1.5699833631515503
153,1.5744521617889404
154,1.5883620977401733
155,1.614536166191101
156,1.6041080951690674
157,1.6345820426940918
158,1.6231871843338013
159,1.5829658508300781
160,1.6212220191955566
161,1.5945123434066772
162,1.5719530582427979
163,1.5615235567092896
164,1.550480604171753
165,1.5403239727020264
166,1.54658043384552
167,1.5470956563949585
168,1.5322885513305664
169,1.5410758256912231
170,1.5314620733261108
171,1.542722463607788
172,1.5531104803085327
173,1.5657240152359009
174,1.5775119066238403
175,1.589843511581421
176,1.563830018043518
177,1.5320155620574951
178,1.524654746055603
179,1.5359978675842285
180,1.529556393623352
181,1.5355151891708374
182,1.5176290273666382
183,1.5454310178756714
184,1.534749984741211
185,1.5629507303237915
186,1.5363794565200806
187,1.5359773635864258
188,1.520387053489685
189,1.5143544673919678
190,1.521554946899414
191,1.5137443542480469
192,1.5341517925262451
193,1.555062174797058
194,1.5525319576263428
195,1.5700749158859253
196,1.5734755992889404
197,1.5929514169692993
198,1.5713633298873901
199,1.5438332557678223
200,1.5213443040847778
201,1.527920126914978
202,1.518967866897583
203,1.4967374801635742
204,1.5102143287658691
205,1.4947792291641235
206,1.514324426651001
207,1.521769642829895
208,1.5187878608703613
209,1.519924521446228
210,1.49808669090271
211,1.503381609916687
212,1.5214495658874512
213,1.5259054899215698
214,1.515142798423767
215,1.4938417673110962
216,1.5108264684677124
217,1.50100576877594
218,1.5311495065689087
219,1.522656798362732
220,1.5480865240097046
221,1.5120019912719727
222,1.4993447065353394
223,1.4809902906417847
224,1.478403091430664
225,1.4719548225402832
226,1.5157849788665771
227,1.5424655675888062
228,1.53939688205719
229,1.5402528047561646
230,1.5578042268753052
231,1.5616512298583984
232,1.5105060338974
233,1.5298290252685547
234,1.512995958328247
235,1.5350985527038574
236,1.5129188299179077
237,1.5684454441070557
238,1.6110717058181763
239,1.638014554977417
240,1.5528082847595215
241,1.5538915395736694
242,1.5415149927139282
243,1.490692377090454
244,1.4923771619796753
245,1.475202202796936
246,1.4589276313781738
247,1.454724669456482
248,1.450463891029358
249,1.4592779874801636
250,1.477813720703125
251,1.4895339012145996
252,1.4725321531295776
253,1.4937185049057007
254,1.5004419088363647
255,1.4937756061553955
256,1.532599687576294
257,1.4980117082595825
258,1.4634275436401367
259,1.4706740379333496
260,1.4425407648086548
261,1.4358493089675903
262,1.4660089015960693
263,1.4754160642623901
264,1.4423258304595947
265,1.4486589431762695
266,1.437150478363037
267,1.4400492906570435
268,1.4504374265670776
269,1.4537354707717896
270,1.4507184028625488
271,1.4475436210632324
272,1.4673779010772705
273,1.469244360923767
274,1.4543671607971191
275,1.4546523094177246
276,1.442091941833496
277,1.4642565250396729
278,1.4778234958648682
279,1.4718230962753296
280,1.473663330078125
281,1.492324948310852
282,1.4928021430969238
283,1.486457347869873
284,1.5053339004516602
285,1.4976553916931152
286,1.4978668689727783
287,1.5440433025360107
288,1.5171844959259033
289,1.5187387466430664
290,1.5249183177947998
291,1.552133560180664
292,1.5255566835403442
293,1.4939178228378296
294,1.47390878200531
295,1.4696094989776611
296,1.442691445350647
297,1.4366151094436646
298,1.4234914779663086
299,1.4325494766235352
300,1.4241302013397217
301,1.4280511140823364
302,1.42405366897583
303,1.4446278810501099
304,1.44184410572052
305,1.4512042999267578
306,1.4289851188659668
307,1.411889910697937
308,1.419507384300232
309,1.4121301174163818
310,1.4142982959747314
311,1.4321869611740112
312,1.4467641115188599
313,1.4760843515396118
314,1.433329701423645
315,1.4327622652053833
316,1.416002631187439
317,1.4207247495651245
318,1.4277827739715576
319,1.4237929582595825
320,1.4275853633880615
321,1.452407956123352
322,1.4220476150512695
323,1.4475171566009521
324,1.4455842971801758
325,1.4301928281784058
326,1.4046916961669922
327,1.4134060144424438
328,1.401559591293335
329,1.3967326879501343
330,1.402268409729004
331,1.3979181051254272
332,1.4006789922714233
333,1.4354443550109863
334,1.4186813831329346
335,1.4172898530960083
336,1.4131605625152588
337,1.4152320623397827
338,1.4185600280761719
339,1.4200191497802734
340,1.4159259796142578
341,1.44216787815094
342,1.4461259841918945
343,1.4400057792663574
344,1.4460917711257935
345,1.4449551105499268
346,1.4483568668365479
347,1.45751953125
348,1.4626661539077759
349,1.4639687538146973
350,1.4568121433258057
351,1.4946714639663696
352,1.528612732887268
353,1.5380419492721558
354,1.4898737668991089
355,1.4887052774429321
356,1.4728853702545166
357,1.4422838687896729
358,1.4476079940795898
359,1.451723575592041
360,1.4522758722305298
361,1.433119773864746
362,1.4391882419586182
363,1.431212306022644
364,1.4448210000991821
365,1.4622979164123535
366,1.4171866178512573
367,1.3867672681808472
368,1.3640673160552979
369,1.396462082862854
370,1.3815548419952393
371,1.3791579008102417
372,1.3898606300354004
373,1.378024935722351
374,1.4113123416900635
375,1.4083508253097534
376,1.3863414525985718
377,1.3698170185089111
378,1.3923721313476562
379,1.4158049821853638
380,1.4098097085952759
381,1.4357833862304688
382,1.4162180423736572
383,1.4102615118026733
384,1.38882315158844
385,1.3741633892059326
386,1.3606278896331787
387,1.3803409337997437
388,1.387092113494873
389,1.3609414100646973
390,1.3553547859191895
391,1.3594887256622314
392,1.3564472198486328
393,1.3625086545944214
394,1.3750090599060059
395,1.3585766553878784
396,1.3785183429718018
397,1.3596148490905762
398,1.3686325550079346
399,1.3694461584091187
400,1.373342514038086
401,1.381902813911438
402,1.3825799226760864
403,1.4029427766799927
404,1.3954466581344604
405,1.3869779109954834
406,1.3928290605545044
407,1.4115971326828003
408,1.4074832201004028
409,1.3846853971481323
410,1.4010676145553589
411,1.3813837766647339
412,1.394750952720642
413,1.3945510387420654
414,1.362784504890442
415,1.3814170360565186
416,1.3540947437286377
417,1.3404978513717651
418,1.3636958599090576
419,1.3850345611572266
420,1.3949252367019653
421,1.3982564210891724
422,1.4050393104553223
423,1.4260777235031128
424,1.385080337524414
425,1.380876898765564
426,1.3715373277664185
427,1.3824539184570312
428,1.3936665058135986
429,1.424637794494629
430,1.4156630039215088
431,1.3915610313415527
432,1.3779300451278687
433,1.3755913972854614
434,1.3779327869415283
435,1.3544397354125977
436,1.3590630292892456
437,1.3794336318969727
438,1.4046093225479126
439,1.3996988534927368
440,1.4105383157730103
441,1.3874764442443848
442,1.354698657989502
443,1.3680213689804077
444,1.3624560832977295
445,1.377084732055664
446,1.3805266618728638
447,1.3850135803222656
448,1.3918265104293823
449,1.3604052066802979
450,1.3499541282653809
451,1.358551025390625
452,1.3721004724502563
453,1.3728199005126953
454,1.3795251846313477
455,1.3592455387115479
456,1.36090886592865
457,1.3492836952209473
458,1.346138596534729
459,1.3319882154464722
460,1.3341848850250244
461,1.3244268894195557
462,1.3533953428268433
463,1.332592487335205
464,1.3442916870117188
465,1.4077626466751099
466,1.3986355066299438
467,1.418625831604004
468,1.3992035388946533
469,1.384975552558899
470,1.374367356300354
471,1.3617933988571167
472,1.355371356010437
473,1.3459999561309814
474,1.320755958557129
475,1.3144010305404663
476,1.3172733783721924
477,1.3296493291854858
478,1.321559190750122
479,1.3110880851745605
480,1.333940029144287
481,1.3022615909576416
482,1.3179582357406616
483,1.3235536813735962
484,1.3371254205703735
485,1.3370853662490845
486,1.3471957445144653
487,1.3348599672317505
488,1.3303667306900024
489,1.319342851638794
490,1.3389390707015991
491,1.355970025062561
492,1.3560996055603027
493,1.3644163608551025
494,1.3835889101028442
495,1.372768759727478
496,1.3389790058135986
497,1.3329638242721558
498,1.3161927461624146
499,1.3307592868804932
500,1.3227635622024536
501,1.3366098403930664
502,1.3069398403167725
503,1.2956773042678833
504,1.3382526636123657
505,1.3392581939697266
506,1.3674644231796265
507,1.353969931602478
508,1.347076416015625
509,1.35040283203125
510,1.3624950647354126
511,1.3392611742019653
512,1.386348843574524
513,1.3702141046524048
514,1.377619981765747
515,1.3341701030731201
516,1.323794960975647
517,1.2970649003982544
518,1.2965037822723389
519,1.3067710399627686
520,1.3083420991897583
521,1.3007116317749023
522,1.3180314302444458
523,1.3433990478515625
524,1.376654028892517
525,1.3023642301559448
526,1.3286330699920654
527,1.3113117218017578
528,1.3232771158218384
529,1.305119276046753
530,1.3025524616241455
531,1.2897952795028687
532,1.2810368537902832
533,1.2666146755218506
534,1.263850450515747
535,1.2925440073013306
536,1.2765930891036987
537,1.297944188117981
538,1.2744078636169434
539,1.290147066116333
540,1.3049311637878418
541,1.3110175132751465
542,1.3449876308441162
543,1.3314735889434814
544,1.3347030878067017
545,1.3553680181503296
546,1.3359768390655518
547,1.3333929777145386
548,1.3353079557418823
549,1.3271536827087402
550,1.3362624645233154
551,1.3495631217956543
552,1.3822274208068848
553,1.3727375268936157
554,1.3449243307113647
555,1.3527321815490723
556,1.2977421283721924
557,1.2860958576202393
558,1.2976089715957642
559,1.2984752655029297
560,1.2950756549835205
561,1.2922263145446777
562,1.3419262170791626
563,1.3203415870666504
564,1.3047378063201904
565,1.2946877479553223
566,1.282976746559143
567,1.3010088205337524
568,1.2643513679504395
569,1.2651135921478271
570,1.2660083770751953
571,1.2528408765792847
572,1.2626152038574219
573,1.2662289142608643
574,1.2586075067520142
575,1.2752597332000732
576,1.2688833475112915
577,1.2785156965255737
578,1.2879736423492432
579,1.296763300895691
580,1.2851475477218628
581,1.2761417627334595
582,1.265306830406189
583,1.2656272649765015
584,1.26035475730896
585,1.293867588043213
586,1.2563408613204956
587,1.2722376585006714
588,1.2783902883529663
589,1.2872048616409302
590,1.288506269454956
591,1.2998335361480713
592,1.3355222940444946
593,1.3146413564682007
594,1.326427936553955
595,1.309167504310608
596,1.349622368812561
597,1.2982488870620728
598,1.2554267644882202
599,1.2577821016311646
600,1.2687046527862549
601,1.312906265258789
602,1.3071706295013428
603,1.313924789428711
604,1.3275117874145508
605,1.3222541809082031
606,1.3653347492218018
607,1.3796026706695557
608,1.3525346517562866
609,1.3397135734558105
610,1.3173303604125977
611,1.3220927715301514
612,1.3174419403076172
613,1.2838938236236572
614,1.3139989376068115
615,1.3588857650756836
616,1.345661997795105
617,1.3124046325683594
618,1.3077266216278076
619,1.2734878063201904
620,1.2588318586349487
621,1.2428867816925049
622,1.2508971691131592
623,1.2530039548873901
624,1.2522552013397217
625,1.243247389793396
626,1.2986854314804077
627,1.275097370147705
628,1.2461588382720947
629,1.2453889846801758
630,1.2371693849563599
631,1.2302052974700928
632,1.2260440587997437
633,1.234108805656433
634,1.236591100692749
635,1.2431538105010986
636,1.2405811548233032
637,1.2420148849487305
638,1.23306405544281
639,1.2221299409866333
640,1.2526867389678955
641,1.2519221305847168
642,1.2231183052062988
643,1.2283978462219238
644,1.2273426055908203
645,1.2296077013015747
646,1.2111246585845947
647,1.2245124578475952
648,1.2315946817398071
649,1.2516049146652222
650,1.25221848487854
651,1.2811636924743652
652,1.31642746925354
653,1.3395696878433228
654,1.3397259712219238
655,1.2767610549926758
656,1.2610516548156738
657,1.2585535049438477
658,1.2487059831619263
659,1.2701399326324463
660,1.2796951532363892
661,1.2835370302200317
662,1.299662709236145
663,1.2651907205581665
664,1.2584751844406128
665,1.2605897188186646
666,1.278872013092041
667,1.3009225130081177
668,1.274009108543396
669,1.2684903144836426
670,1.2378562688827515
671,1.282577395439148
672,1.239256739616394
673,1.2727766036987305
674,1.23751699924469
675,1.2424616813659668
676,1.2266442775726318
677,1.2340264320373535
678,1.238443374633789
679,1.1990165710449219
680,1.2031794786453247
681,1.2291158437728882
682,1.2309820652008057
683,1.2330782413482666
684,1.228476881980896
685,1.2208906412124634
686,1.2324305772781372
687,1.2145394086837769
688,1.1984531879425049
689,1.2114046812057495
690,1.2183200120925903
691,1.2358568906784058
692,1.2150555849075317
693,1.2339023351669312
694,1.2139009237289429
695,1.2067228555679321
696,1.2187191247940063
697,1.1679677963256836
698,1.1921167373657227
699,1.189319372177124
700,1.204727292060852
701,1.214959979057312
702,1.213210105895996
703,1.207346796989441
704,1.2003761529922485
705,1.2237873077392578
706,1.2454581260681152
707,1.2347602844238281
708,1.2604938745498657
709,1.213473916053772
710,1.2285301685333252
711,1.2360336780548096
712,1.2509249448776245
713,1.2409086227416992
714,1.2744696140289307
715,1.2982633113861084
716,1.3080881834030151
717,1.3259891271591187
718,1.26426362991333
719,1.2394747734069824
720,1.229878306388855
721,1.2401456832885742
722,1.216262698173523
723,1.212249994277954
724,1.206559658050537
725,1.2316981554031372
726,1.2390613555908203
727,1.250120997428894
728,1.2801052331924438
729,1.260947585105896
730,1.2334202527999878
731,1.197333812713623
732,1.2175390720367432
733,1.2170077562332153
734,1.262189269065857
735,1.270332932472229
736,1.2354527711868286
737,1.2301479578018188
738,1.220845103263855
739,1.222097635269165
740,1.2227048873901367
741,1.2216941118240356
742,1.1763780117034912
743,1.1954346895217896
744,1.1985117197036743
745,1.188367247581482
746,1.241882085800171
747,1.2582396268844604
748,1.2301080226898193
749,1.1985483169555664
750,1.217441439628601
751,1.2184648513793945
752,1.199594259262085
753,1.188612699508667
754,1.221169114112854
755,1.2401732206344604
756,1.2586313486099243
757,1.250820279121399
758,1.2576619386672974
759,1.2630202770233154
760,1.2276517152786255
761,1.216611623764038
762,1.185549259185791
763,1.1984567642211914
764,1.1989027261734009
765,1.2152475118637085
766,1.2131173610687256
767,1.1679339408874512
768,1.1964924335479736
769,1.1837811470031738
770,1.1608942747116089
771,1.168683648109436
772,1.1762135028839111
773,1.1927746534347534
774,1.1756843328475952
775,1.1552226543426514
776,1.1525973081588745
777,1.1548805236816406
778,1.1489105224609375
779,1.1617578268051147
780,1.1689037084579468
781,1.1692674160003662
782,1.17501962184906
783,1.1726285219192505
784,1.1977038383483887
785,1.2042183876037598
786,1.2159606218338013
787,1.1972652673721313
788,1.2084499597549438
789,1.2050939798355103
790,1.2115890979766846
791,1.2024749517440796
792,1.2259361743927002
793,1.2402055263519287
794,1.2824678421020508
795,1.2384486198425293
796,1.2015562057495117
797,1.2050119638442993
798,1.1886210441589355
799,1.168929934501648
800,1.212335228919983
801,1.216091275215149
802,1.2000921964645386
803,1.2133307456970215
804,1.1807674169540405
805,1.1697015762329102
806,1.162790298461914
807,1.1699990034103394
808,1.1518194675445557
809,1.174141526222229
810,1.1710470914840698
811,1.1689257621765137
812,1.1479755640029907
813,1.1905163526535034
814,1.1627789735794067
815,1.135209083557129
816,1.1299903392791748
817,1.1843016147613525
818,1.1429481506347656
819,1.130531907081604
820,1.1533606052398682
821,1.1474052667617798
822,1.1808148622512817
823,1.1830066442489624
824,1.1997891664505005
825,1.1670883893966675
826,1.2197282314300537
827,1.226855754852295
828,1.2160389423370361
829,1.2314834594726562
830,1.199376106262207
831,1.2272822856903076
832,1.2255208492279053
833,1.1939408779144287
834,1.2183997631072998
835,1.222667932510376
836,1.2308615446090698
837,1.2463979721069336
838,1.253743290901184
839,1.1714929342269897
840,1.1675208806991577
841,1.164988398551941
842,1.1536519527435303
843,1.1556077003479004
844,1.1444073915481567
845,1.1570521593093872
846,1.163027048110962
847,1.1570326089859009
848,1.1515125036239624
849,1.1364396810531616
850,1.1521203517913818
851,1.1530016660690308
852,1.1540298461914062
853,1.13437020778656
854,1.1724681854248047
855,1.1622836589813232
856,1.2305341958999634
857,1.175506353378296
858,1.167813777923584
859,1.143329381942749
860,1.185409426689148
861,1.1564992666244507
862,1.1668606996536255
863,1.219375491142273
864,1.2239247560501099
865,1.2248892784118652
866,1.2089303731918335
867,1.1996192932128906
868,1.2201545238494873
869,1.2062348127365112
870,1.1982547044754028
871,1.1736868619918823
872,1.1479618549346924
873,1.1386040449142456
874,1.1494649648666382
875,1.1344987154006958
876,1.1596184968948364
877,1.1321566104888916
878,1.1485830545425415
879,1.1199666261672974
880,1.1197426319122314
881,1.1362367868423462
882,1.109204888343811
883,1.148229956626892
884,1.1722444295883179
885,1.1500389575958252
886,1.1405646800994873
887,1.1222509145736694
888,1.1355445384979248
889,1.1217972040176392
890,1.1459118127822876
891,1.1450120210647583
892,1.1496477127075195
893,1.1465364694595337
894,1.1531866788864136
895,1.1917489767074585
896,1.2144972085952759
897,1.2380900382995605
898,1.1899551153182983
899,1.170525312423706
900,1.165969729423523
901,1.1481859683990479
902,1.1383553743362427
903,1.1410850286483765
904,1.1447839736938477
905,1.1659303903579712
906,1.1921119689941406
907,1.187126636505127
908,1.1377851963043213
909,1.1303631067276
910,1.1515878438949585
911,1.1647660732269287
912,1.1465929746627808
913,1.1874946355819702
914,1.1994149684906006
915,1.2135066986083984
916,1.175018310546875
917,1.2049826383590698
918,1.2063648700714111
919,1.1587938070297241
920,1.132172703742981
921,1.1366747617721558
922,1.1879842281341553
923,1.1971923112869263
924,1.1702131032943726
925,1.1858817338943481
926,1.1623574495315552
927,1.2093360424041748
928,1.1952747106552124
929,1.175094723701477
930,1.20084810256958
931,1.181159496307373
932,1.1411482095718384
933,1.1444536447525024
934,1.0868583917617798
935,1.0979214906692505
936,1.1090428829193115
937,1.1179699897766113
938,1.097503900527954
939,1.1005034446716309
940,1.125405192375183
941,1.112235188484192
942,1.101828694343567
943,1.1103618144989014
944,1.1175590753555298
945,1.1200968027114868
946,1.1221219301223755
947,1.1154181957244873
948,1.1252037286758423
949,1.1171364784240723
950,1.118274211883545
951,1.1073919534683228
952,1.1048665046691895
953,1.1045297384262085
954,1.1025117635726929
955,1.0870376825332642
956,1.0888819694519043
957,1.0899817943572998
958,1.0719668865203857
959,1.0958225727081299
960,1.1130411624908447
961,1.0975159406661987
962,1.1090987920761108
963,1.1225042343139648
964,1.1393228769302368
965,1.131903886795044
966,1.1106369495391846
967,1.1194669008255005
968,1.1184778213500977
969,1.1519891023635864
970,1.126516580581665
971,1.1232631206512451
972,1.1627119779586792
973,1.1964797973632812
974,1.1983578205108643
975,1.217997431755066
976,1.2344169616699219
977,1.2040131092071533
978,1.2266424894332886
979,1.156191110610962
980,1.1331321001052856
981,1.1289769411087036
982,1.1142723560333252
983,1.120308518409729
984,1.1210960149765015
985,1.1190402507781982
986,1.1072936058044434
987,1.107745885848999
988,1.1428276300430298
989,1.1036375761032104
990,1.1222935914993286
991,1.1551645994186401
992,1.1431467533111572
993,1.0974124670028687
994,1.0950690507888794
995,1.1039050817489624
996,1.0872188806533813
997,1.1334009170532227
998,1.0859001874923706
999,1.0928847789764404
1000,1.1021009683609009
1001,1.1083711385726929
1002,1.1061975955963135
1003,1.1001958847045898
1004,1.0899032354354858
1005,1.0791841745376587
1006,1.0973365306854248
1007,1.0896989107131958
1008,1.084014654159546
1009,1.1055210828781128
1010,1.103820562362671
1011,1.0855116844177246
1012,1.0994983911514282
1013,1.0838266611099243
1014,1.0955629348754883
1015,1.086937427520752
1016,1.0796796083450317
1017,1.0751771926879883
1018,1.1185740232467651
1019,1.1293762922286987
1020,1.1309113502502441
1021,1.1438602209091187
1022,1.1497060060501099
1023,1.1832194328308105
1024,1.1552220582962036
1025,1.1586194038391113
1026,1.149262547492981
1027,1.1195067167282104
1028,1.093225359916687
1029,1.1272063255310059
1030,1.164027452468872
1031,1.137819766998291
1032,1.1468690633773804
1033,1.1308411359786987
1034,1.1055235862731934
1035,1.098851203918457
1036,1.0640383958816528
1037,1.0823493003845215
1038,1.093280553817749
1039,1.0975359678268433
1040,1.1037724018096924
1041,1.107592225074768
1042,1.123619794845581
1043,1.0983548164367676
1044,1.1211127042770386
1045,1.144849419593811
1046,1.1878674030303955
1047,1.2011584043502808
1048,1.1626871824264526
1049,1.144243597984314
1050,1.1158661842346191
1051,1.1209118366241455
1052,1.1248295307159424
1053,1.1118683815002441
1054,1.0816179513931274
1055,1.103884220123291
1056,1.0928956270217896
1057,1.0877372026443481
1058,1.0772992372512817
1059,1.0682817697525024
1060,1.1033306121826172
1061,1.0923393964767456
1062,1.1033945083618164
1063,1.0927398204803467
1064,1.0731568336486816
1065,1.1016004085540771
1066,1.0883616209030151
1067,1.1000239849090576
1068,1.0823274850845337
1069,1.0948646068572998
1070,1.1133840084075928
1071,1.1368213891983032
1072,1.1411869525909424
1073,1.1187350749969482
1074,1.0819295644760132
1075,1.0813928842544556
1076,1.0790199041366577
1077,1.0395073890686035
1078,1.0643179416656494
1079,1.0542984008789062
1080,1.0684165954589844
1081,1.04511296749115
1082,1.061729073524475
1083,1.064650535583496
1084,1.0666391849517822
1085,1.050369143486023
1086,1.061720848083496
1087,1.0743838548660278
1088,1.0641247034072876
1089,1.0905214548110962
1090,1.097258448600769
1091,1.0528197288513184
1092,1.0796364545822144
1093,1.05451238155365
1094,1.0999889373779297
1095,1.1145542860031128
1096,1.1090377569198608
1097,1.1176477670669556
1098,1.1440385580062866
1099,1.143174171447754
1100,1.17696213722229
1101,1.1156970262527466
1102,1.119876503944397
1103,1.0971709489822388
1104,1.1052191257476807
1105,1.0848313570022583
1106,1.0601778030395508
1107,1.0781660079956055
1108,1.101210117340088
1109,1.0789618492126465
1110,1.101128101348877
1111,1.0771374702453613
1112,1.0868260860443115
1113,1.0733686685562134
1114,1.095268964767456
1115,1.072355031967163
1116,1.0462943315505981
1117,1.065743327140808
1118,1.0543887615203857
1119,1.0427688360214233
1120,1.0655514001846313
1121,1.0813844203948975
1122,1.0822865962982178
1123,1.1180548667907715
1124,1.0897566080093384
1125,1.090233564376831
1126,1.1154842376708984
1127,1.0823328495025635
1128,1.0455368757247925
1129,1.0385208129882812
1130,1.0555915832519531
1131,1.0736907720565796
1132,1.0862034559249878
1133,1.0423774719238281
1134,1.069051742553711
1135,1.095226526260376
1136,1.1154239177703857
1137,1.0556226968765259
1138,1.0790600776672363
1139,1.0664037466049194
1140,1.0609643459320068
1141,1.0858538150787354
1142,1.1457017660140991
1143,1.1593985557556152
1144,1.1765155792236328
1145,1.1695785522460938
1146,1.1060206890106201
1147,1.1219593286514282
1148,1.1015743017196655
1149,1.1012474298477173
1150,1.063657283782959
1151,1.0466488599777222
1152,1.0626920461654663
1153,1.1009695529937744
1154,1.0676674842834473
1155,1.0786664485931396
1156,1.059356927871704
1157,1.0445551872253418
1158,1.0428953170776367
1159,1.029577374458313
1160,1.0489689111709595
1161,1.0452306270599365
1162,1.0442123413085938
1163,1.049136757850647
1164,1.0477412939071655
1165,1.0523165464401245
1166,1.0614358186721802
1167,1.066410779953003
1168,1.062855839729309
1169,1.0329760313034058
1170,1.046147108078003
1171,1.0826705694198608
1172,1.0841827392578125
1173,1.0872571468353271
1174,1.0947265625
1175,1.0457571744918823
1176,1.0320205688476562
1177,1.0349242687225342
1178,1.0273743867874146
1179,1.0167300701141357
1180,1.0152004957199097
1181,1.0531288385391235
1182,1.0710159540176392
1183,1.0923043489456177
1184,1.1485059261322021
1185,1.10006582736969
1186,1.11593759059906
1187,1.0662720203399658
1188,1.072390079498291
1189,1.064751148223877
1190,1.0724339485168457
1191,1.0860555171966553
1192,1.0678200721740723
1193,1.0787911415100098
1194,1.0754940509796143
1195,1.057481050491333
1196,1.0614012479782104
1197,1.0726139545440674
1198,1.0431922674179077
1199,1.0387414693832397
1200,1.0511590242385864
1201,1.0424020290374756
1202,1.00846266746521
1203,1.0364840030670166
1204,1.0464987754821777
1205,1.0565028190612793
1206,1.072615385055542
1207,1.046946406364441
1208,1.0589933395385742
1209,1.0692495107650757
1210,1.0704002380371094
1211,1.0757185220718384
1212,1.0311464071273804
1213,1.0148053169250488
1214,1.0487734079360962
1215,1.0628398656845093
1216,1.0384842157363892
1217,1.0598031282424927
1218,1.023386836051941
1219,1.0392036437988281
1220,1.092368483543396
1221,1.0615315437316895
1222,1.0844725370407104
1223,1.1074025630950928
1224,1.0885717868804932
1225,1.0187190771102905
1226,1.0411251783370972
1227,1.0415434837341309
1228,1.0294119119644165
1229,1.0376399755477905
1230,1.0658479928970337
1231,1.0500541925430298
1232,1.0287569761276245
1233,1.0265421867370605
1234,1.0494219064712524
1235,1.01963472366333
1236,1.039524793624878
1237,1.092315912246704
1238,1.094694972038269
1239,1.163097620010376
1240,1.1048275232315063
1241,1.1262723207473755
1242,1.0546767711639404
1243,1.0324287414550781
1244,1.0272908210754395
1245,1.0724079608917236
1246,1.0463351011276245
1247,1.0229647159576416
1248,1.0154410600662231
1249,1.0047072172164917
1250,0.9949636459350586
1251,0.987503707408905
1252,1.0038692951202393
1253,1.0086703300476074
1254,1.0026543140411377
1255,1.0478367805480957
1256,1.0319963693618774
1257,1.0345975160598755
1258,1.0607248544692993
1259,1.0793722867965698
1260,1.0788410902023315
1261,1.0807424783706665
1262,1.0831998586654663
1263,1.1027718782424927
1264,1.0950965881347656
1265,1.0426241159439087
1266,1.0300827026367188
1267,1.038380742073059
1268,1.0553570985794067
1269,1.0574402809143066
1270,1.0741963386535645
1271,1.0896227359771729
1272,1.1038036346435547
1273,1.0688618421554565
1274,1.0169848203659058
1275,1.015461802482605
1276,0.9949761033058167
1277,1.007272481918335
1278,0.9964407682418823
1279,0.9642370343208313
1280,0.9845777153968811
1281,0.9875431060791016
1282,0.9866894483566284
1283,1.0273443460464478
1284,1.0217376947402954
1285,0.9898434281349182
1286,1.0028777122497559
1287,1.0020900964736938
1288,0.9880684614181519
1289,0.9977719783782959
1290,1.0267912149429321
1291,1.0127182006835938
1292,1.0052026510238647
1293,0.9847878217697144
1294,1.0174469947814941
1295,1.011536717414856
1296,1.0038479566574097
1297,1.014359712600708
1298,0.9907243847846985
1299,1.000943660736084
1300,0.9905095100402832
1301,1.0210771560668945
1302,1.0232692956924438
1303,1.0024995803833008
1304,1.0263683795928955
1305,1.0698810815811157
1306,1.0753637552261353
1307,1.1167141199111938
1308,1.0293861627578735
1309,1.0301400423049927
1310,1.0083141326904297
1311,1.009890079498291
1312,1.0173728466033936
1313,0.9874141812324524
1314,0.9859485030174255
1315,0.9462542533874512
1316,0.9951213002204895
1317,1.009487271308899
1318,1.0064682960510254
1319,1.0017497539520264
1320,1.0037798881530762
1321,1.0054988861083984
1322,0.9973556995391846
1323,0.9710237979888916
1324,0.9839307069778442
1325,0.9867498874664307
1326,0.9954161643981934
1327,0.9786518812179565
1328,1.017878770828247
1329,1.019576907157898
1330,1.0910664796829224
1331,1.1673156023025513
1332,1.2607399225234985
1333,1.2687020301818848
1334,1.2704694271087646
1335,1.2108882665634155
1336,1.1380449533462524
1337,1.0679446458816528
1338,1.0496094226837158
1339,1.008785605430603
1340,0.9959219098091125
1341,1.0336921215057373
1342,1.0142793655395508
1343,0.9771469235420227
1344,0.975929856300354
1345,0.9598641395568848
1346,0.9861729145050049
1347,0.9907343983650208
1348,0.9820459485054016
1349,0.9958349466323853
1350,0.9936653971672058
1351,0.9716460704803467
1352,0.9765507578849792
1353,0.982145369052887
1354,0.9734858274459839
1355,0.9480870962142944
1356,0.9671244621276855
1357,1.0187585353851318
1358,1.0012685060501099
1359,0.9871407747268677
1360,0.9959985613822937
1361,1.009492039680481
1362,1.0137104988098145
1363,0.9988274574279785
1364,1.0045055150985718
1365,1.0101457834243774
1366,1.0086333751678467
1367,1.0292986631393433
1368,1.041274070739746
1369,1.0276966094970703
1370,1.0356560945510864
1371,1.020758867263794
1372,0.9948359131813049
1373,1.0347707271575928
1374,1.001799464225769
1375,0.9976767301559448
1376,0.9939640164375305
1377,1.0004467964172363
1378,0.9895851016044617
1379,0.9836556911468506
1380,0.9806787967681885
1381,1.0344487428665161
1382,1.0608924627304077
1383,1.0737653970718384
1384,1.0253674983978271
1385,1.0664464235305786
1386,1.0166290998458862
1387,1.0828665494918823
1388,1.0842676162719727
1389,1.052498698234558
1390,1.0490199327468872
1391,1.0455738306045532
1392,1.0733017921447754
1393,1.0772138833999634
1394,1.0096291303634644
1395,1.0130122900009155
1396,0.9654046893119812
1397,0.9797496795654297
1398,0.9925623536109924
1399,0.9928244948387146
1400,1.0034972429275513
1401,1.0015116930007935
1402,1.0032808780670166
1403,0.9872097969055176
1404,0.9941645264625549
1405,0.9993517994880676
1406,0.9682154655456543
1407,0.9789535403251648
1408,0.9935460090637207
1409,0.9468801617622375
1410,0.9644057750701904
1411,0.963239848613739
1412,0.9791327714920044
1413,0.973210871219635
1414,0.9732827544212341
1415,0.9797897338867188
1416,1.0102707147598267
1417,1.0018633604049683
1418,1.0132173299789429
1419,1.0278221368789673
1420,1.0404103994369507
1421,1.0298502445220947
1422,1.0010173320770264
1423,0.9974297285079956
1424,1.0298211574554443
1425,0.9925506711006165
1426,1.0152833461761475
1427,0.9764548540115356
1428,1.0103250741958618
1429,1.0044333934783936
1430,0.99654221534729
1431,0.9720351099967957
1432,0.9938262701034546
1433,0.9453737139701843
1434,0.9586248397827148
1435,0.9866803884506226
1436,0.9982568025588989
1437,0.9666257500648499
1438,1.0034024715423584
1439,0.9716552495956421
1440,0.980042040348053
1441,0.9586243033409119
1442,0.9643488526344299
1443,0.9564551115036011
1444,0.9897186160087585
1445,0.949445366859436
1446,0.9472433924674988
1447,0.9609553813934326
1448,0.9801672697067261
1449,0.9668871164321899
1450,0.9799271821975708
1451,0.9840913414955139
1452,0.9862677454948425
1453,0.9655786156654358
1454,0.9870545864105225
1455,0.977895975112915
1456,0.9916058778762817
1457,0.9817289113998413
1458,1.0025889873504639
1459,1.004176378250122
1460,1.017187476158142
1461,1.0388776063919067
1462,1.0566937923431396
1463,1.0483587980270386
1464,1.1015902757644653
1465,1.0650800466537476
1466,1.0897077322006226
1467,1.0718156099319458
1468,1.0396722555160522
1469,1.0177148580551147
1470,1.0016980171203613
1471,0.959441602230072
1472,0.9456798434257507
1473,0.9468680024147034
1474,0.9458802938461304
1475,0.9755285382270813
1476,0.9548012018203735
1477,0.936369776725769
1478,0.964847207069397
1479,0.9625248908996582
1480,0.9456373453140259
1481,0.9560606479644775
1482,0.9506456255912781
1483,0.9259554743766785
1484,0.942980170249939
1485,0.9487699270248413
1486,0.9715123772621155
1487,0.9946137070655823
1488,1.0087617635726929
1489,0.9795188903808594
1490,1.0228757858276367
1491,1.0321142673492432
1492,1.0144857168197632
1493,1.067893624305725
1494,1.017318844795227
1495,1.0335941314697266
1496,0.9796438813209534
1497,0.9631916284561157
1498,0.9594992399215698
1499,0.9454453587532043
1500,0.9750527143478394
1501,0.9549551010131836
1502,0.9712353944778442
1503,0.9902804493904114
1504,0.9936444759368896
1505,1.0451492071151733
1506,1.028165340423584
1507,1.0128300189971924
1508,0.981529712677002
1509,0.9823362231254578
1510,0.9964713454246521
1511,0.9984215497970581
1512,0.9602784514427185
1513,0.9456703066825867
1514,0.9722716808319092
1515,0.9727416038513184
1516,0.9497848749160767
1517,0.9421511292457581
1518,0.9394438862800598
1519,0.9427738189697266
1520,0.9137688875198364
1521,0.934108316898346
1522,0.9169927835464478
1523,0.9305181503295898
1524,0.9303246140480042
1525,0.9329642653465271
1526,0.9306781888008118
1527,0.9562864899635315
1528,0.9614186882972717
1529,0.9559434652328491
1530,0.9680421948432922
1531,0.9463772177696228
1532,0.9226264953613281
1533,0.9669228196144104
1534,0.965964674949646
1535,0.959266185760498
1536,0.9756737947463989
1537,0.9344744682312012
1538,0.9252817034721375
1539,0.8884965777397156
1540,0.9306490421295166
1541,0.9447275996208191
1542,0.9331662654876709
1543,0.954754114151001
1544,0.9795953631401062
1545,0.9809803366661072
1546,0.9938624501228333
1547,0.9751610159873962
1548,1.003008246421814
1549,0.9670833349227905
1550,0.9977714419364929
1551,0.9942916035652161
1552,0.9925386905670166
1553,1.0303080081939697
1554,1.0301334857940674
1555,1.0189783573150635
1556,1.0005850791931152
1557,0.9854702353477478
1558,1.0057392120361328
1559,0.9605022668838501
1560,0.9653758406639099
1561,0.9680012464523315
1562,0.9524709582328796
1563,0.9577839970588684
1564,0.9840845465660095
1565,0.9829447865486145
1566,0.9649725556373596
1567,0.9706112146377563
1568,0.9553858637809753
1569,0.9610489010810852
1570,0.9306280612945557
1571,0.925266683101654
1572,0.9429056644439697
1573,0.9539493918418884
1574,0.9232169389724731
1575,0.9279905557632446
1576,0.9664584398269653
1577,0.9589062929153442
1578,1.0067795515060425
1579,0.9666388630867004
1580,0.9623960852622986
1581,0.9734870195388794
1582,0.9788268208503723
1583,0.9347981810569763
1584,0.9398188591003418
1585,0.9813178181648254
1586,0.9747222065925598
1587,0.9415499567985535
1588,0.9521442651748657
1589,0.9423173069953918
1590,0.9476498961448669
1591,0.960963249206543
1592,0.9717190861701965
1593,0.9660240411758423
1594,0.9709535837173462
1595,0.9735050201416016
1596,0.9546741843223572
1597,0.9300819635391235
1598,0.9169855713844299
1599,0.9240567684173584
1600,0.9301409721374512
1601,0.9402769207954407
1602,0.9570841789245605
1603,0.9822919964790344
1604,0.984427273273468
1605,0.9834210872650146
1606,0.9618862271308899
1607,0.9526700973510742
1608,0.9725098609924316
1609,1.0021287202835083
1610,0.9947829246520996
1611,1.0068217515945435
1612,0.9848542213439941
1613,0.9624746441841125
1614,0.9607714414596558
1615,0.9347304701805115
1616,0.9268760681152344
1617,0.9150136709213257
1618,0.945862889289856
1619,0.9349170327186584
1620,0.970421314239502
1621,1.0163897275924683
1622,1.0293478965759277
1623,0.9803488254547119
1624,0.946417510509491
1625,0.9561436772346497
1626,0.9385011792182922
1627,0.9631674289703369
1628,0.9263045191764832
1629,0.9111440777778625
1630,0.9041210412979126
1631,0.9101274609565735
1632,0.9076039791107178
1633,0.9163607358932495
1634,0.9095696210861206
1635,0.9165237545967102
1636,0.9175357222557068
1637,0.936564564704895
1638,0.9161816239356995
1639,0.930321455001831
1640,0.9234552979469299
1641,0.9253303408622742
1642,0.9132141470909119
1643,0.901840090751648
1644,0.9521748423576355
1645,0.9332771897315979
1646,0.9583656191825867
1647,0.9705113768577576
1648,1.0029191970825195
1649,0.98428875207901
1650,0.9976364374160767
1651,1.0069174766540527
1652,0.9903869032859802
1653,0.982776403427124
1654,0.9786403775215149
1655,0.9313393831253052
1656,0.9385843276977539
1657,0.9240988492965698
1658,0.9219399094581604
1659,0.9259576797485352
1660,0.9223392009735107
1661,0.9535638093948364
1662,0.9447329640388489
1663,0.9294602274894714
1664,0.911798894405365
1665,0.9095762372016907
1666,0.9062097668647766
1667,0.898615837097168
1668,0.9210299253463745
1669,0.9683784246444702
1670,0.9482453465461731
1671,0.9563584923744202
1672,0.9445940256118774
1673,0.9391291737556458
1674,0.9334858059883118
1675,0.9114065766334534
1676,0.935230553150177
1677,0.9738971590995789
1678,0.9880498647689819
1679,1.0092520713806152
1680,1.0074350833892822
1681,0.945340633392334
1682,0.9798012375831604
1683,0.9547573924064636
1684,0.9601261615753174
1685,0.9456731677055359
1686,0.9260056018829346
1687,0.9130805134773254
1688,0.8915963172912598
1689,0.9260850548744202
1690,0.9314212203025818
1691,0.90545654296875
1692,0.9458933472633362
1693,0.9516475796699524
1694,0.9288766980171204
1695,0.9419940710067749
1696,0.9679811000823975
1697,0.9570726156234741
1698,0.9684471487998962
1699,0.9620108604431152
1700,0.9649413228034973
1701,0.9710047245025635
1702,0.9574824571609497
1703,0.9805798530578613
1704,0.9513999223709106
1705,0.985390305519104
1706,0.9601600170135498
1707,0.9885419011116028
1708,0.9881728887557983
1709,0.9709268808364868
1710,0.9571545720100403
1711,0.9331960678100586
1712,0.9522618055343628
1713,0.9102668762207031
1714,0.9144131541252136
1715,0.9437298774719238
1716,0.9271070957183838
1717,0.9113463163375854
1718,0.9340829849243164
1719,0.9211389422416687
1720,0.9380083084106445
1721,0.8815000653266907
1722,0.8988161087036133
1723,0.908730149269104
1724,0.889552116394043
1725,0.9119607210159302
1726,0.9094709157943726
1727,0.8923516273498535
1728,0.9148632287979126
1729,0.9186063408851624
1730,0.8946858048439026
1731,0.8837718963623047
1732,0.9122806787490845
1733,0.9269368648529053
1734,0.9594685435295105
1735,0.9507923126220703
1736,0.9472734332084656
1737,0.9593559503555298
1738,0.9544045329093933
1739,0.8977121114730835
1740,0.8917086124420166
1741,0.9209571480751038
1742,0.9059842824935913
1743,0.8952227234840393
1744,0.9042525291442871
1745,0.9108471870422363
1746,0.9048995971679688
1747,0.9449113011360168
1748,0.9252402782440186
1749,0.9154146313667297
1750,0.9235042333602905
1751,0.9456501007080078
1752,0.944322407245636
1753,0.9303877353668213
1754,0.9271427392959595
1755,0.9594029784202576
1756,0.9427167177200317
1757,0.9075362682342529
1758,0.9108073711395264
1759,0.8863444328308105
1760,0.9109827280044556
1761,0.8669611811637878
1762,0.882593035697937
1763,0.8971174955368042
1764,0.9578877687454224
1765,0.9134470820426941
1766,0.9210579991340637
1767,0.9386072754859924
1768,0.9128810167312622
1769,0.9039462804794312
1770,0.8886979818344116
1771,0.9039457440376282
1772,0.8785642385482788
1773,0.9164972901344299
1774,0.9048783779144287
1775,0.9051735997200012
1776,0.9689252972602844
1777,0.9704704284667969
1778,1.0037003755569458
1779,0.9820264577865601
1780,1.0098413228988647
1781,0.9595777988433838
1782,0.9942417144775391
1783,0.974965512752533
1784,0.9824199676513672
1785,0.971125066280365
1786,0.9535213708877563
1787,0.97398442029953
1788,0.9420567750930786
1789,0.9695457816123962
1790,0.9976736903190613
1791,0.9462645649909973
1792,0.9508962631225586
1793,0.9107903242111206
1794,0.9119791984558105
1795,0.8752918839454651
1796,0.8890669941902161
1797,0.8865089416503906
1798,0.8769444823265076
1799,0.9065631031990051
1800,0.8700933456420898
1801,0.8769509792327881
1802,0.8772202134132385
1803,0.8853014707565308
1804,0.8626996278762817
1805,0.9038644433021545
1806,0.8869973421096802
1807,0.8757692575454712
1808,0.8862953186035156
1809,0.9056785702705383
1810,0.8762716054916382
1811,0.9164959788322449
1812,0.9122310876846313
1813,0.9110611081123352
1814,0.9107716083526611
1815,0.9136562943458557
1816,0.9077255725860596
1817,0.896369457244873
1818,0.9162242412567139
1819,0.8990944623947144
1820,0.8830850124359131
1821,0.9068032503128052
1822,0.9291814565658569
1823,0.9186586737632751
1824,0.9277828335762024
1825,0.9212734699249268
1826,0.9241243004798889
1827,0.9057715535163879
1828,0.9428226947784424
1829,0.922652006149292
1830,0.9275399446487427
1831,0.9122719168663025
1832,0.9322888255119324
1833,0.9169182777404785
1834,0.941102147102356
1835,0.9312379956245422
1836,0.9044590592384338
1837,0.9081889986991882
1838,0.9075640439987183
1839,0.8910084366798401
1840,0.8902376294136047
1841,0.9104301333427429
1842,0.9038003087043762
1843,0.9111002683639526
1844,0.9041580557823181
1845,0.9183013439178467
1846,0.9133517742156982
1847,0.9189947247505188
1848,0.8982947468757629
1849,0.9209054708480835
1850,0.9135465621948242
1851,0.9602565765380859
1852,0.9066815972328186
1853,0.896619975566864
1854,0.9100683331489563
1855,0.9436167478561401
1856,0.9356334209442139
1857,0.922701895236969
1858,0.9110445380210876
1859,0.9184181094169617
1860,0.8994680643081665
1861,0.8762224316596985
1862,0.9308513402938843
1863,0.9145108461380005
1864,0.9232084155082703
1865,0.9100127816200256
1866,0.8813077211380005
1867,0.865155041217804
1868,0.9090603590011597
1869,0.8786060214042664
1870,0.88333660364151
1871,0.8868829607963562
1872,0.8960331678390503
1873,0.9288424849510193
1874,0.9213624596595764
1875,0.9296566247940063
1876,0.9525600075721741
1877,0.9587664008140564
1878,0.9315131306648254
1879,0.9478310942649841
1880,0.9681478142738342
1881,0.9404367804527283
1882,0.918817937374115
1883,0.9176318049430847
1884,0.9174631834030151
1885,0.8914862871170044
1886,0.8877682685852051
1887,0.8782793879508972
1888,0.8715013861656189
1889,0.8898538947105408
1890,0.8707114458084106
1891,0.8828709125518799
1892,0.9205247759819031
1893,0.942209780216217
1894,0.9214549660682678
1895,0.9223499298095703
1896,0.8954055309295654
1897,0.8672152757644653
1898,0.8937702178955078
1899,0.8819698095321655
1900,0.8817794919013977
1901,0.8704337477684021
1902,0.8839796781539917
1903,0.9082338809967041
1904,0.8892874121665955
1905,0.8963963985443115
1906,0.8937885761260986
1907,0.8700181245803833
1908,0.8806712627410889
1909,0.8782316446304321
1910,0.8686506748199463
1911,0.8581557273864746
1912,0.855573296546936
1913,0.8766480088233948
1914,0.8436640501022339
1915,0.8677588701248169
1916,0.9061514139175415
1917,0.9051212072372437
1918,0.913396418094635
1919,0.8606936931610107
1920,0.8522377610206604
1921,0.8441697955131531
1922,0.876013994216919
1923,0.871846079826355
1924,0.8408960700035095
1925,0.8495669960975647
1926,0.8779110908508301
1927,0.8556932806968689
1928,0.8628976345062256
1929,0.8626720905303955
1930,0.8733187317848206
1931,0.8764628171920776
1932,0.8870159983634949
1933,0.8628378510475159
1934,0.8896028399467468
1935,0.8928284049034119
1936,0.9285961389541626
1937,1.01723313331604
1938,1.0373564958572388
1939,1.0536993741989136
1940,1.0708214044570923
1941,1.0157610177993774
1942,0.9624220728874207
1943,0.9546328783035278
1944,0.8947874307632446
1945,0.9312558174133301
1946,0.9071446061134338
1947,0.8982738256454468
1948,0.9141582250595093
1949,0.8936840891838074
1950,0.8742271661758423
1951,0.8775688409805298
1952,0.8597842454910278
1953,0.8568848371505737
1954,0.8579587936401367
1955,0.8683066368103027
1956,0.8911998271942139
1957,0.885087788105011
1958,0.8590860366821289
1959,0.8501805663108826
1960,0.858141303062439
1961,0.8840816617012024
1962,0.9069178104400635
1963,0.862166702747345
1964,0.8682417273521423
1965,0.8618632555007935
1966,0.8624756932258606
1967,0.8361746668815613
1968,0.8714766502380371
1969,0.8585177659988403
1970,0.9024683833122253
1971,0.8954174518585205
1972,0.8670486211776733
1973,0.8747010827064514
1974,0.862928569316864
1975,0.9022562503814697
1976,0.8775156736373901
1977,0.8708003759384155
1978,0.8556368350982666
1979,0.8620925545692444
1980,0.8794782161712646
1981,0.8559890389442444
1982,0.860893189907074
1983,0.8866435289382935
1984,0.8667106032371521
1985,0.9075486063957214
1986,0.8729010820388794
1987,0.8743236660957336
1988,0.8758677840232849
1989,0.8446990251541138
1990,0.8248406648635864
1991,0.8568173050880432
1992,0.8372113704681396
1993,0.8584988713264465
1994,0.8574756383895874
1995,0.8581910729408264
1996,0.846987247467041
1997,0.8923302888870239
1998,0.9072281718254089
1999,0.8950806856155396
2000,0.9050897359848022
2001,0.9176801443099976
2002,0.924502432346344
2003,0.9393882155418396
2004,0.9496244192123413
2005,0.9284106492996216
2006,0.9626960754394531
2007,0.9405809044837952
2008,0.978408694267273
2009,1.003180980682373
2010,1.0380436182022095
2011,1.035904049873352
2012,0.949068009853363
2013,0.8914543390274048
2014,0.8968575596809387
2015,0.8889672756195068
2016,0.8466786742210388
2017,0.874017596244812
2018,0.8283160924911499
2019,0.8395752906799316
2020,0.869193971157074
2021,0.8737214803695679
2022,0.8527031540870667
2023,0.8328367471694946
2024,0.8322935700416565
2025,0.8510944843292236
2026,0.8332561254501343
2027,0.8651918768882751
2028,0.8419527411460876
2029,0.830298900604248
2030,0.8505094647407532
2031,0.8776472806930542
2032,0.8574602007865906
2033,0.8678032159805298
2034,0.8750089406967163
2035,0.833298921585083
2036,0.8501335978507996
2037,0.8325575590133667
2038,0.8460372686386108
2039,0.8574703335762024
2040,0.8491305708885193
2041,0.8634477853775024
2042,0.8671387434005737
2043,0.8913342952728271
2044,0.8478449583053589
2045,0.8559784889221191
2046,0.8805076479911804
2047,0.8666229248046875
2048,0.89281165599823
2049,0.8824756145477295
2050,0.8584626317024231
2051,0.8665012121200562
2052,0.8860101103782654
2053,0.8719378113746643
2054,0.8995928168296814
2055,0.8625829219818115
2056,0.8531239032745361
2057,0.8296730518341064
2058,0.852584183216095
2059,0.8516470789909363
2060,0.8901087045669556
2061,0.863569974899292
2062,0.8659541606903076
2063,0.865312397480011
2064,0.9078425765037537
2065,0.8965878486633301
2066,0.9293724298477173
2067,0.8897886872291565
2068,0.8914433121681213
2069,0.9136561751365662
2070,0.9149801135063171
2071,0.8841003775596619
2072,0.8675401210784912
2073,0.8770263195037842
2074,0.8678349256515503
2075,0.8769978880882263
2076,0.8864253759384155
2077,0.8912134170532227
2078,0.9109951257705688
2079,0.8725571632385254
2080,0.8372783064842224
2081,0.856070339679718
2082,0.8372273445129395
2083,0.833624005317688
2084,0.8312267661094666
2085,0.847255289554596
2086,0.8248667120933533
2087,0.8364859223365784
2088,0.8531906008720398
2089,0.8465654253959656
2090,0.8242931365966797
2091,0.838620126247406
2092,0.8345850110054016
2093,0.8627848029136658
2094,0.8894800543785095
2095,0.9037396311759949
2096,0.8771412372589111
2097,0.8850134015083313
2098,0.8871511816978455
2099,0.8675052523612976
2100,0.8775995969772339
2101,0.8545190095901489
2102,0.8330724239349365
2103,0.8468834757804871
2104,0.8404662013053894
2105,0.8600087761878967
2106,0.8720015287399292
2107,0.8708754181861877
2108,0.8791933655738831
2109,0.8672387003898621
2110,0.8436569571495056
2111,0.835403323173523
2112,0.8401199579238892
2113,0.8815404772758484
2114,0.8749880790710449
2115,0.9055138230323792
2116,0.8900339007377625
2117,0.885515570640564
2118,0.897388756275177
2119,0.8704879879951477
2120,0.8804379105567932
2121,0.893657922744751
2122,0.8883875012397766
2123,0.8788720965385437
2124,0.8665826320648193
2125,0.8709975481033325
2126,0.8841152191162109
2127,0.9115543365478516
2128,0.9234186410903931
2129,0.9086180329322815
2130,0.936363697052002
2131,0.9744232296943665
2132,0.9594835042953491
2133,0.9098155498504639
2134,0.928274929523468
2135,0.885894775390625
2136,0.8680837750434875
2137,0.8521261215209961
2138,0.8393905758857727
2139,0.8719559907913208
2140,0.831652045249939
2141,0.8275778293609619
2142,0.8323950171470642
2143,0.8357213139533997
2144,0.844749391078949
2145,0.8127391338348389
2146,0.8188704252243042
2147,0.8250197172164917
2148,0.8225657343864441
2149,0.8356555700302124
2150,0.8099303245544434
2151,0.8688190579414368
2152,0.8584215044975281
2153,0.8647728562355042
2154,0.830096960067749
2155,0.8229409456253052
2156,0.841112494468689
2157,0.8256763219833374
2158,0.8564218282699585
2159,0.8566184043884277
2160,0.8576689958572388
2161,0.8627649545669556
2162,0.8573194742202759
2163,0.8640545010566711
2164,0.8448683619499207
2165,0.8559479117393494
2166,0.8364474773406982
2167,0.839876115322113
2168,0.85324627161026
2169,0.798248827457428
2170,0.814159631729126
2171,0.8249595761299133
2172,0.8320013284683228
2173,0.8535832762718201
2174,0.8447849750518799
2175,0.8545355796813965
2176,0.9084616899490356
2177,0.90989089012146
2178,0.8819872140884399
2179,0.8964842557907104
2180,0.8682042956352234
2181,0.8806569576263428
2182,0.8747334480285645
2183,0.8600060939788818
2184,0.8781077861785889
2185,0.9288886785507202
2186,0.8896351456642151
2187,0.9449380040168762
2188,0.9002540111541748
2189,0.8821407556533813
2190,0.8460273742675781
2191,0.854257345199585
2192,0.8270712494850159
2193,0.8598897457122803
2194,0.8147472739219666
2195,0.8073469996452332
2196,0.8329825401306152
2197,0.8069894909858704
2198,0.8256716728210449
2199,0.8498154878616333
2200,0.8620903491973877
2201,0.8310890793800354
2202,0.8530892133712769
2203,0.8307797908782959
2204,0.8763023018836975
2205,0.855365514755249
2206,0.8253397941589355
2207,0.8385055661201477
2208,0.82662034034729
2209,0.8711683750152588
2210,0.8458526134490967
2211,0.8239637613296509
2212,0.8466271162033081
2213,0.8617789149284363
2214,0.8538377285003662
2215,0.8626818656921387
2216,0.8520979881286621
2217,0.8633533120155334
2218,0.8692299723625183
2219,0.8688870668411255
2220,0.862250030040741
2221,0.844593346118927
2222,0.8942771553993225
2223,0.8696108460426331
2224,0.8447627425193787
2225,0.8323464393615723
2226,0.819709300994873
2227,0.8035444617271423
2228,0.8464900255203247
2229,0.8420243263244629
2230,0.8659124374389648
2231,0.8557437062263489
2232,0.8445788025856018
2233,0.8633090257644653
2234,0.8420044779777527
2235,0.8534267544746399
2236,0.8467934131622314
2237,0.8674551248550415
2238,0.8719431757926941
2239,0.8919585943222046
2240,0.8955962061882019
2241,0.9150649905204773
2242,0.9463467001914978
2243,0.9727520942687988
2244,0.9903020262718201
2245,0.9563636183738708
2246,0.8766206502914429
2247,0.8814603686332703
2248,0.8612468242645264
2249,0.83995521068573
2250,0.8496621251106262
2251,0.8192370533943176
2252,0.8012977838516235
2253,0.8009017109870911
2254,0.8157986402511597
2255,0.8161351680755615
2256,0.8048096895217896
2257,0.8002960085868835
2258,0.8172524571418762
2259,0.8113747835159302
2260,0.7887623906135559
2261,0.8290335536003113
2262,0.8334689140319824
2263,0.8325180411338806
2264,0.7943903803825378
2265,0.8138280510902405
2266,0.8299146294593811
2267,0.8277862071990967
2268,0.8448983430862427
2269,0.8265054225921631
2270,0.8224703073501587
2271,0.833013117313385
2272,0.8240516781806946
2273,0.8410803079605103
2274,0.8441565632820129
2275,0.8488054275512695
2276,0.8347163796424866
2277,0.8347598314285278
2278,0.8207284808158875
2279,0.8326190710067749
2280,0.818743109703064
2281,0.8161447048187256
2282,0.8241427540779114
2283,0.8172782063484192
2284,0.8121577501296997
2285,0.809853196144104
2286,0.8140427470207214
2287,0.8047821521759033
2288,0.8063743710517883
2289,0.8161681890487671
2290,0.8121572732925415
2291,0.8458846807479858
2292,0.8499042987823486
2293,0.8666326999664307
2294,0.8588127493858337
2295,0.9007125496864319
2296,0.8991249799728394
2297,0.9302193522453308
2298,0.9269483089447021
2299,0.9214706420898438
2300,0.9098616242408752
2301,0.9149208068847656
2302,0.9055377840995789
2303,0.8911138772964478
2304,0.8817973732948303
2305,0.881183385848999
2306,0.8867806792259216
2307,0.8888933658599854
2308,0.9062104821205139
2309,0.8569284081459045
2310,0.8579699993133545
2311,0.8709557056427002
2312,0.8389896750450134
2313,0.8368624448776245
2314,0.8133571147918701
2315,0.8001041412353516
2316,0.8163052797317505
2317,0.796299159526825
2318,0.8046398758888245
2319,0.7880781292915344
2320,0.7836905121803284
2321,0.7928761839866638
2322,0.8233745694160461
2323,0.8364588618278503
2324,0.8564557433128357
2325,0.8648881912231445
2326,0.8512056469917297
2327,0.8548057079315186
2328,0.8450126051902771
2329,0.814347505569458
2330,0.7943497896194458
2331,0.8081716895103455
2332,0.806394100189209
2333,0.8119505047798157
2334,0.8186004757881165
2335,0.7980313897132874
2336,0.8194180727005005
2337,0.8441635966300964
2338,0.8171597719192505
2339,0.8329430818557739
2340,0.8672232627868652
2341,0.8842345476150513
2342,0.8526288866996765
2343,0.8761966228485107
2344,0.8767658472061157
2345,0.8413872718811035
2346,0.819705605506897
2347,0.835515022277832
2348,0.8261678218841553
2349,0.8058709502220154
2350,0.8273812532424927
2351,0.8302607536315918
2352,0.8224363923072815
2353,0.818889319896698
2354,0.8076755404472351
2355,0.8291605114936829
2356,0.8545188903808594
2357,0.8379011154174805
2358,0.8421111106872559
2359,0.8173282146453857
2360,0.8300268054008484
2361,0.8131239414215088
2362,0.8202548623085022
2363,0.8389351963996887
2364,0.8177258372306824
2365,0.8184269070625305
2366,0.8453829288482666
2367,0.8505588173866272
2368,0.86725914478302
2369,0.8686114549636841
2370,0.8809458017349243
2371,0.8419453501701355
2372,0.8841782808303833
2373,0.86603844165802
2374,0.8393129110336304
2375,0.8535434603691101
2376,0.8376496434211731
2377,0.8644503355026245
2378,0.8803378343582153
2379,0.8951113224029541
2380,0.8739180564880371
2381,0.8996459245681763
2382,0.8759799599647522
2383,0.8545247316360474
2384,0.8386341333389282
2385,0.8074542284011841
2386,0.819406270980835
2387,0.8289012908935547
2388,0.8241859078407288
2389,0.8423212170600891
2390,0.8286369442939758
2391,0.8321777582168579
2392,0.8340126276016235
2393,0.8423345685005188
2394,0.8467649221420288
2395,0.8557077050209045
2396,0.8481283187866211
2397,0.8369743227958679
2398,0.8429715037345886
2399,0.8275929689407349
2400,0.8262852430343628
2401,0.8673205375671387
2402,0.8199366331100464
2403,0.820083498954773
2404,0.8718845844268799
2405,0.836859941482544
2406,0.8523245453834534
2407,0.8599624633789062
2408,0.8177309632301331
2409,0.8042218685150146
2410,0.8043640851974487
2411,0.830493688583374
2412,0.8293541073799133
2413,0.8317388296127319
2414,0.8176852464675903
2415,0.7880066633224487
2416,0.8043550252914429
2417,0.7933021187782288
2418,0.791224479675293
2419,0.8016185164451599
2420,0.809809148311615
2421,0.7852534651756287
2422,0.7896501421928406
2423,0.7951440215110779
2424,0.7794513702392578
2425,0.792611300945282
2426,0.7894558310508728
2427,0.7838097810745239
2428,0.8009343147277832
2429,0.8194690346717834
2430,0.8500419855117798
2431,0.8540013432502747
2432,0.8477992415428162
2433,0.8758229613304138
2434,0.8483816981315613
2435,0.8547946810722351
2436,0.8374951481819153
2437,0.8560276031494141
2438,0.8357756733894348
2439,0.8258650302886963
2440,0.8447895050048828
2441,0.8088707327842712
2442,0.803418755531311
2443,0.7990850806236267
2444,0.786437451839447
2445,0.820573091506958
2446,0.8188877701759338
2447,0.8262667655944824
2448,0.8083695769309998
2449,0.8199335336685181
2450,0.8747179508209229
2451,0.9241496324539185
2452,0.9024816155433655
2453,0.9175335764884949
2454,0.869910478591919
2455,0.8553937673568726
2456,0.8372281789779663
2457,0.806014895439148
2458,0.8146286010742188
2459,0.8339544534683228
2460,0.7898714542388916
2461,0.8078256249427795
2462,0.8128183484077454
2463,0.8123311400413513
2464,0.8104421496391296
2465,0.8039832711219788
2466,0.8344337344169617
2467,0.7938082814216614
2468,0.8250501155853271
2469,0.8172281384468079
2470,0.8138848543167114
2471,0.8262605667114258
2472,0.8274020552635193
2473,0.815284788608551
2474,0.811917245388031
2475,0.8173449635505676
2476,0.8035378456115723
2477,0.8662787079811096
2478,0.8867024779319763
2479,0.855391263961792
2480,0.8434730768203735
2481,0.8133423328399658
2482,0.8144096732139587
2483,0.7993139624595642
2484,0.8299443125724792
2485,0.8242602348327637
2486,0.8077022433280945
2487,0.8222883343696594
2488,0.8057467341423035
2489,0.8340805768966675
2490,0.8229518532752991
2491,0.8453953266143799
2492,0.8690402507781982
2493,0.8803154230117798
2494,0.8527779579162598
2495,0.851917564868927
2496,0.8266940712928772
2497,0.8639444708824158
2498,0.8086205124855042
2499,0.7909305095672607
2500,0.8234566450119019
2501,0.8068583011627197
2502,0.7712294459342957
2503,0.778920590877533
2504,0.8001495599746704
2505,0.8303436040878296
2506,0.802969753742218
2507,0.78695148229599
2508,0.807891309261322
2509,0.7902798652648926
2510,0.7782688140869141
2511,0.7756033539772034
2512,0.7846055030822754
2513,0.7972161769866943
2514,0.782771110534668
2515,0.7508254051208496
2516,0.788390576839447
2517,0.7858896851539612
2518,0.8026422262191772
2519,0.8050563335418701
2520,0.803496778011322
2521,0.8005396723747253
2522,0.8040003180503845
2523,0.7903094291687012
2524,0.7908182740211487
2525,0.8465250730514526
2526,0.8417413830757141
2527,0.8773252964019775
2528,0.9180468320846558
2529,0.889320969581604
2530,0.8800187110900879
2531,0.9434786438941956
2532,0.9527683258056641
2533,0.9385945796966553
2534,0.9040809869766235
2535,0.8391362428665161
2536,0.7780583500862122
2537,0.7664300799369812
2538,0.796827495098114
2539,0.7906196713447571
2540,0.7682597637176514
2541,0.7891735434532166
2542,0.7798922657966614
2543,0.803970217704773
2544,0.7795443534851074
2545,0.7813518047332764
2546,0.7856003046035767
2547,0.7827935218811035
2548,0.7940389513969421
2549,0.8011267781257629
2550,0.828444242477417
2551,0.7842279672622681
2552,0.8109711408615112
2553,0.7946599125862122
2554,0.8353018760681152
2555,0.8623082637786865
2556,0.8671278357505798
2557,0.815784752368927
2558,0.7999461889266968
2559,0.8177387118339539
2560,0.8311189413070679
2561,0.8094990253448486
2562,0.8369629979133606
2563,0.8264259099960327
2564,0.8034715056419373
2565,0.823397696018219
2566,0.7919762134552002
2567,0.8054260611534119
2568,0.8004822731018066
2569,0.7973941564559937
2570,0.7612864971160889
2571,0.763841986656189
2572,0.781394898891449
2573,0.7827339172363281
2574,0.7776682376861572
2575,0.773790717124939
2576,0.821061909198761
2577,0.8136391043663025
2578,0.8131075501441956
2579,0.7917070984840393
2580,0.7898772358894348
2581,0.7859975695610046
2582,0.821962833404541
2583,0.8188837170600891
2584,0.8050739169120789
2585,0.8232868313789368
2586,0.8488484025001526
2587,0.8308177590370178
2588,0.8286798596382141
2589,0.8240978717803955
2590,0.8102664947509766
2591,0.7856678366661072
2592,0.8201636075973511
2593,0.8275550603866577
2594,0.8531986474990845
2595,0.8596555590629578
2596,0.877127468585968
2597,0.8423178791999817
2598,0.8301935195922852
2599,0.8263070583343506
2600,0.8249924182891846
2601,0.8155365586280823
2602,0.8658214211463928
2603,0.8771044611930847
2604,0.9064832925796509
2605,0.8898280262947083
2606,0.8903408646583557
2607,0.89003586769104
2608,0.8883261680603027
2609,0.8586820960044861
2610,0.8260492086410522
2611,0.8301445245742798
2612,0.7838383316993713
2613,0.8350093960762024
2614,0.8081837892532349
2615,0.8090366721153259
2616,0.7913268804550171
2617,0.806699275970459
2618,0.7947362065315247
2619,0.7818334102630615
2620,0.7593733072280884
2621,0.7747699022293091
2622,0.7941237092018127
2623,0.7878140211105347
2624,0.7859594821929932
2625,0.7803868651390076
2626,0.7889434695243835
2627,0.7874067425727844
2628,0.752532958984375
2629,0.7378213405609131
2630,0.7752341628074646
2631,0.769854724407196
2632,0.7417662739753723
2633,0.7744447588920593
2634,0.7857921123504639
2635,0.7595734596252441
2636,0.7523001432418823
2637,0.7861642241477966
2638,0.7723509669303894
2639,0.763634979724884
2640,0.7590872645378113
2641,0.7564995884895325
2642,0.7957992553710938
2643,0.7951748967170715
2644,0.8372215628623962
2645,0.7880096435546875
2646,0.7790811061859131
2647,0.788174033164978
2648,0.829001247882843
2649,0.8475937843322754
2650,0.8560199737548828
2651,0.8486302495002747
2652,0.8595419526100159
2653,0.861464262008667
2654,0.8922429084777832
2655,0.8761006593704224
2656,0.8772355914115906
2657,0.822962760925293
2658,0.8223235011100769
2659,0.8182870745658875
2660,0.8083124160766602
2661,0.7923155426979065
2662,0.7651094198226929
2663,0.795382022857666
2664,0.8056232333183289
2665,0.821066677570343
2666,0.827987015247345
2667,0.804308295249939
2668,0.8535071611404419
2669,0.8395043015480042
2670,0.823062002658844
2671,0.8539608120918274
2672,0.8394395709037781
2673,0.8379796743392944
2674,0.840003490447998
2675,0.8218346238136292
2676,0.7830306887626648
2677,0.7797521352767944
2678,0.7740791440010071
2679,0.7852773070335388
2680,0.7608943581581116
2681,0.7679939270019531
2682,0.7541944980621338
2683,0.7409418225288391
2684,0.7409132122993469
2685,0.7844511270523071
2686,0.7758722901344299
2687,0.8047593832015991
2688,0.7576037645339966
2689,0.7588056921958923
2690,0.763446033000946
2691,0.769693911075592
2692,0.8065475225448608
2693,0.789210319519043
2694,0.7746016979217529
2695,0.7972371578216553
2696,0.846583366394043
2697,0.8696211576461792
2698,0.8047531247138977
2699,0.7806481122970581
2700,0.780036985874176
2701,0.8126631379127502
2702,0.7793407440185547
2703,0.7856078147888184
2704,0.7829890251159668
2705,0.7931439280509949
2706,0.8009243607521057
2707,0.8146419525146484
2708,0.8505048155784607
2709,0.773864209651947
2710,0.7943565845489502
2711,0.793140709400177
2712,0.775107204914093
2713,0.7444592118263245
2714,0.7775011658668518
2715,0.7744604349136353
2716,0.8065768480300903
2717,0.8424890041351318
2718,0.825667679309845
2719,0.824392557144165
2720,0.8232202529907227
2721,0.8174666166305542
2722,0.8129695057868958
2723,0.8070618510246277
2724,0.8537341952323914
2725,0.8084821701049805
2726,0.8365629315376282
2727,0.8515044450759888
2728,0.8192043304443359
2729,0.8028604984283447
2730,0.8018195033073425
2731,0.7862879633903503
2732,0.7510790228843689
2733,0.7929614186286926
2734,0.7992760539054871
2735,0.7925644516944885
2736,0.7986114621162415
2737,0.786091685295105
2738,0.805030107498169
2739,0.7661877870559692
2740,0.7573827505111694
2741,0.7682585120201111
2742,0.7792330980300903
2743,0.7714449167251587
2744,0.8097277879714966
2745,0.7893735766410828
2746,0.8038083910942078
2747,0.7852104306221008
2748,0.7794970870018005
2749,0.7783703207969666
2750,0.7753612995147705
2751,0.7985971570014954
2752,0.7909719944000244
2753,0.773953378200531
2754,0.8011013865470886
2755,0.8164563179016113
2756,0.7983987331390381
2757,0.7925034761428833
2758,0.7583160996437073
2759,0.7576843500137329
2760,0.7657255530357361
2761,0.828812837600708
2762,0.7958539724349976
2763,0.7785200476646423
2764,0.7523398399353027
2765,0.7718101739883423
2766,0.7714969515800476
2767,0.7826467752456665
2768,0.7761198878288269
2769,0.7783064842224121
2770,0.792210578918457
2771,0.7651670575141907
2772,0.7892962098121643
2773,0.8235282897949219
2774,0.8461934924125671
2775,0.8831598162651062
2776,0.8470404148101807
2777,0.802711546421051
2778,0.79367995262146
2779,0.8097584843635559
2780,0.8015391230583191
2781,0.8436512351036072
2782,0.8352895975112915
2783,0.8331385254859924
2784,0.8450764417648315
2785,0.8635022044181824
2786,0.8656834959983826
2787,0.8884696960449219
2788,0.8457047343254089
2789,0.8067722916603088
2790,0.7773473858833313
2791,0.7923148274421692
2792,0.7875683307647705
2793,0.7997733950614929
2794,0.7808114290237427
2795,0.7591953277587891
2796,0.7397732138633728
2797,0.7513760328292847
2798,0.7791683077812195
2799,0.767966628074646
2800,0.7542005777359009
2801,0.7839231491088867
2802,0.7654607892036438
2803,0.7602946162223816
2804,0.7548012137413025
2805,0.7975013256072998
2806,0.7818527221679688
2807,0.7848353981971741
2808,0.7593769431114197
2809,0.7671812772750854
2810,0.8015137910842896
2811,0.7903880476951599
2812,0.7988423109054565
2813,0.8086796998977661
2814,0.8309621214866638
2815,0.7847501039505005
2816,0.7890831232070923
2817,0.7750321626663208
2818,0.757213830947876
2819,0.7416250109672546
2820,0.7745494842529297
2821,0.7676582336425781
2822,0.746708869934082
2823,0.7520527839660645
2824,0.7317236661911011
2825,0.727144181728363
2826,0.7420052289962769
2827,0.7402705550193787
2828,0.7525738477706909
2829,0.7441864609718323
2830,0.7367270588874817
2831,0.7556539177894592
2832,0.7937893271446228
2833,0.7900603413581848
2834,0.780924916267395
2835,0.804753839969635
2836,0.7846044898033142
2837,0.800887405872345
2838,0.8005279898643494
2839,0.7799794673919678
2840,0.7788956761360168
2841,0.8165167570114136
2842,0.8231173157691956
2843,0.869570255279541
2844,0.9172581434249878
2845,0.8882246017456055
2846,0.9217142462730408
2847,0.9241572618484497
2848,0.9370997548103333
2849,0.8596598505973816
2850,0.8384184241294861
2851,0.8420931696891785
2852,0.8130407929420471
2853,0.8047115802764893
2854,0.7878826856613159
2855,0.7907448410987854
2856,0.7490911483764648
2857,0.7726240158081055
2858,0.7749585509300232
2859,0.756038248538971
2860,0.7743560075759888
2861,0.7565635442733765
2862,0.7895485162734985
2863,0.7393496036529541
2864,0.7518018484115601
2865,0.7481676936149597
2866,0.7859475016593933
2867,0.7333562970161438
2868,0.7354236841201782
2869,0.7621296048164368
2870,0.747641384601593
2871,0.7427730560302734
2872,0.7822620868682861
2873,0.7739893794059753
2874,0.7749939560890198
2875,0.7679504752159119
2876,0.7703847289085388
2877,0.7476950287818909
2878,0.7339470386505127
2879,0.7442789077758789
2880,0.7696818709373474
2881,0.7468694448471069
2882,0.7597013711929321
2883,0.7701656222343445
2884,0.7547320127487183
2885,0.7593041062355042
2886,0.7601820230484009
2887,0.7933009266853333
2888,0.7549633979797363
2889,0.7960581183433533
2890,0.7739712595939636
2891,0.7642958164215088
2892,0.7807996869087219
2893,0.795650064945221
2894,0.7807157039642334
2895,0.7677737474441528
2896,0.8024407625198364
2897,0.7611525654792786
2898,0.7570834755897522
2899,0.7876209020614624
2900,0.8028952479362488
2901,0.8582387566566467
2902,0.8982906341552734
2903,0.8875666260719299
2904,0.8793860673904419
2905,0.8954426050186157
2906,0.9065030813217163
2907,0.8676180839538574
2908,0.8174682259559631
2909,0.811282217502594
2910,0.853395402431488
2911,0.8057034015655518
2912,0.7877838611602783
2913,0.7731978893280029
2914,0.7554764747619629
2915,0.7575310468673706
2916,0.7697015404701233
2917,0.7405917644500732
2918,0.732400119304657
2919,0.7224196195602417
2920,0.7694125175476074
2921,0.7356724739074707
2922,0.7834442853927612
2923,0.7625482678413391
2924,0.7418664693832397
2925,0.7321547269821167
2926,0.7412455677986145
2927,0.7438300848007202
2928,0.7236948013305664
2929,0.7672408819198608
2930,0.7408671975135803
2931,0.7156175374984741
2932,0.7463080883026123
2933,0.745805561542511
2934,0.7896739840507507
2935,0.829317569732666
2936,0.8301754593849182
2937,0.7690463662147522
2938,0.7566250562667847
2939,0.7645501494407654
2940,0.7634491920471191
2941,0.7731271982192993
2942,0.7715427279472351
2943,0.7715770602226257
2944,0.7693187594413757
2945,0.7505230903625488
2946,0.77109295129776
2947,0.7732704281806946
2948,0.7961682081222534
2949,0.7951314449310303
2950,0.7459189295768738
2951,0.7783666253089905
2952,0.7634075880050659
2953,0.8037686944007874
2954,0.7903605103492737
2955,0.7878571152687073
2956,0.7930508852005005
2957,0.8223609328269958
2958,0.8218859434127808
2959,0.8745410442352295
2960,0.8700840473175049
2961,0.8961424827575684
2962,0.8710352182388306
2963,0.8990707993507385
2964,0.8674219250679016
2965,0.8673070669174194
2966,0.8300138711929321
2967,0.7903203368186951
2968,0.7782176733016968
2969,0.7514640092849731
2970,0.7927901148796082
2971,0.7975916862487793
2972,0.7701420783996582
2973,0.7874193787574768
2974,0.8146034479141235
2975,0.8361151814460754
2976,0.8009853959083557
2977,0.7813580632209778
2978,0.7706559300422668
2979,0.7552787065505981
2980,0.7444735765457153
2981,0.7135478258132935
2982,0.747434675693512
2983,0.7481143474578857
2984,0.7358954548835754
2985,0.7497385740280151
2986,0.7535732388496399
2987,0.7565261125564575
2988,0.7496136426925659
2989,0.7542151808738708
2990,0.7703311443328857
2991,0.735135018825531
2992,0.7287093997001648
2993,0.757658064365387
2994,0.7210748791694641
2995,0.7227898240089417
2996,0.7339668273925781
2997,0.747252345085144
2998,0.7046347856521606
2999,0.7214487791061401
3000,0.7314167022705078
3001,0.7224679589271545
3002,0.741106390953064
3003,0.7254321575164795
3004,0.7305787801742554
3005,0.7455337643623352
3006,0.7719825506210327
3007,0.7562223076820374
3008,0.7616726160049438
3009,0.7245158553123474
3010,0.7444159388542175
3011,0.7399064898490906
3012,0.75813889503479
3013,0.7641005516052246
3014,0.7592095732688904
3015,0.7293871641159058
3016,0.7534307837486267
3017,0.7425647377967834
3018,0.752854585647583
3019,0.7868061661720276
3020,0.7246076464653015
3021,0.779266893863678
3022,0.7567163705825806
3023,0.8054875135421753
